Comment,Designator,Footprint,JLCPCB Part #
1uF,"C1,C10",C_0402_1005Metric,C52923
0.1uF,"C2,C3,C4,C5,C6,C7,C8,C9,C11,C12,C17",C_0402_1005Metric,C1525
10uF,"C13,C14",C_0603_1608Metric,C19702
33pF,"C15,C16",C_0402_1005Metric,C1562
USB_C_Receptacle_USB2.0_14P,J1,USB_C_Receptacle_HRO_TYPE-C-31-M-12,C165948
Conn_01x20,"J2,J3",PinHeader_1x20_P2.54mm_Vertical,C50981
Conn_01x03,J4,PinHeader_1x03_P2.54mm_Vertical,C24980
5.1k,"R1,R2",R_0402_1005Metric,C25905
27,"R3,R4",R_0402_1005Metric,C25100
1k,"R5,R7",R_0402_1005Metric,C11702
10k,R6,R_0402_1005Metric,C25744
SW_Push,SW1,SW_Push_SPST_NO_Alps_SKRK,C720477
RP2040,U1,QFN-56-1EP_7x7mm_P0.4mm_EP3.2x3.2mm,C2040
MCP1700x-330xxTT,U2,SOT-23,C39051
W25Q16JVZPIQTR,U3,Winbond_USON-8-1EP_3x2mm_P0.5mm_EP0.2x1.6mm,C2843335
12MHz,Y1,Crystal_SMD_3225-4Pin_3.2x2.5mm,C9002
