Designator,Val,Package,Mid X,Mid Y,Rotation,Layer
C1,1uF,C_0402_1005Metric,95.859600mm,-93.250000mm,90.000000,top
C2,0.1uF,C_0402_1005Metric,94.894400mm,-94.030800mm,90.000000,top
C3,0.1uF,C_0402_1005Metric,98.679000mm,-96.520000mm,0.000000,top
C4,0.1uF,C_0402_1005Metric,96.650000mm,-108.025000mm,0.000000,top
C5,0.1uF,C_0402_1005Metric,98.600000mm,-97.500000mm,0.000000,top
C6,0.1uF,C_0402_1005Metric,99.187000mm,-98.425000mm,0.000000,top
C7,0.1uF,C_0402_1005Metric,100.025000mm,-103.325000mm,-30.000000,top
C8,0.1uF,C_0402_1005Metric,88.138000mm,-102.743000mm,180.000000,top
C9,0.1uF,C_0402_1005Metric,88.750000mm,-99.250000mm,180.000000,top
C10,1uF,C_0402_1005Metric,93.853000mm,-94.250000mm,90.000000,top
C11,0.1uF,C_0402_1005Metric,96.725000mm,-107.075000mm,0.000000,top
C12,0.1uF,C_0402_1005Metric,96.774000mm,-96.393000mm,90.000000,top
C13,10uF,C_0603_1608Metric,89.250000mm,-83.750000mm,180.000000,top
C14,10uF,C_0603_1608Metric,92.069000mm,-88.750000mm,180.000000,top
C15,33pF,C_0402_1005Metric,90.500000mm,-109.500000mm,-90.000000,top
C16,33pF,C_0402_1005Metric,96.500000mm,-109.500000mm,90.000000,top
C17,0.1uF,C_0402_1005Metric,92.760800mm,-92.887800mm,90.000000,top
J1,USB_C_Receptacle_USB2.0_14P,USB_C_Receptacle_HRO_TYPE-C-31-M-12,94.000000mm,-77.500000mm,180.000000,top
J2,Conn_01x20,PinHeader_1x20_P2.54mm_Vertical,85.110000mm,-76.370000mm,0.000000,top
J3,Conn_01x20,PinHeader_1x20_P2.54mm_Vertical,102.890000mm,-76.370000mm,0.000000,top
J4,Conn_01x03,PinHeader_1x03_P2.54mm_Vertical,91.460000mm,-124.390000mm,90.000000,top
R1,5.1k,R_0402_1005Metric,95.377000mm,-83.820000mm,-90.000000,top
R2,5.1k,R_0402_1005Metric,93.218000mm,-83.693000mm,-90.000000,top
R3,27,R_0402_1005Metric,95.783400mm,-96.469200mm,-90.000000,top
R4,27,R_0402_1005Metric,94.742000mm,-96.469200mm,-90.000000,top
R5,1k,R_0402_1005Metric,93.975000mm,-107.225000mm,180.000000,top
R6,10k,R_0402_1005Metric,88.011000mm,-93.599000mm,-90.000000,top
R7,1k,R_0402_1005Metric,89.027000mm,-92.075000mm,-90.000000,top
SW1,SW_Push,SW_Push_SPST_NO_Alps_SKRK,88.646000mm,-88.392000mm,-90.000000,top
U1,RP2040,QFN-56-1EP_7x7mm_P0.4mm_EP3.2x3.2mm,94.062500mm,-101.800000mm,0.000000,top
U2,MCP1700x-330xxTT,SOT-23,92.075000mm,-85.937500mm,90.000000,top
U3,W25Q16JVZPIQ TR,Winbond_USON-8-1EP_3x2mm_P0.5mm_EP0.2x1.6mm,90.800000mm,-95.100000mm,0.000000,top
Y1,12MHz,Crystal_SMD_3225-4Pin_3.2x2.5mm,93.500000mm,-109.500000mm,180.000000,top
